Joshua,19,H,joshi.24176@gmail.com,5566950570
Hazael Jeremai Cortes Galindo,25,H,hazael@gmail.com,5566940245
Abigail Ramirez Zambrano ,19,M,abita@gmail.com,5598741502
Leonardo Marron Morales  ,19,H,leonardo@gmail.com,5566940512
Wendy Karina Miguel Rafael  ,20,M,wendy@gmail.com,55124548719
Alejandro  ,20,M,alejandro@gmail.com,48751544
Monica ,20,M,monica@gmail.com,55124578
Citlalli,20,M,citlalli@gmail.com,5566441122
Luis,12,H,luis@gmail.com,5544778844
Rosa ,38,M,rosa@gmail.com,5566554477
Arturo,38,H,arturo@gmail.com,5544112233
Samuel,32,H,samuel@gmail.com,5566998877
Alejandra,20,M,abigail@gmail,5566998844
tony,4,H,tonygranperro@gmail.com,5566998877
Karla,32,M,karla@gmail.com,566554411
